{"distribusi_awal": {"Negatif": 716, "Positif": 206, "Netral": 70}, "distribusi_balanced": {"Negatif": 572, "Positif": 572, "Netral": 572}, "akurasi": 0.7537688442211056, "report": {"Negatif": {"precision": 0.8333333333333334, "recall": 0.8680555555555556, "f1-score": 0.8503401360544217, "support": 144.0}, "Netral": {"precision": 0.11764705882352941, "recall": 0.14285714285714285, "f1-score": 0.12903225806451613, "support": 14.0}, "Positif": {"precision": 0.71875, "recall": 0.5609756097560976, "f1-score": 0.6301369863013698, "support": 41.0}, "accuracy": 0.7537688442211056, "macro avg": {"precision": 0.5565767973856209, "recall": 0.5239627693895986, "f1-score": 0.5365031268067693, "support": 199.0}, "weighted avg": {"precision": 0.7593759237363286, "recall": 0.7537688442211056, "f1-score": 0.7542263700658096, "support": 199.0}}, "matrix": [[125, 12, 7], [10, 2, 2], [15, 3, 23]]}