{"distribusi_awal": {"Positif": 484, "Negatif": 260, "Netral": 256}, "distribusi_balanced": {"Positif": 387, "Negatif": 387, "Netral": 387}, "akurasi": 0.67, "report": {"Negatif": {"precision": 0.4791666666666667, "recall": 0.8846153846153846, "f1-score": 0.6216216216216216, "support": 52.0}, "Netral": {"precision": 0.8181818181818182, "recall": 0.5294117647058824, "f1-score": 0.6428571428571429, "support": 51.0}, "Positif": {"precision": 0.8591549295774648, "recall": 0.6288659793814433, "f1-score": 0.7261904761904762, "support": 97.0}, "accuracy": 0.67, "macro avg": {"precision": 0.7188344714753164, "recall": 0.6809643762342367, "f1-score": 0.6635564135564135, "support": 200.0}, "weighted avg": {"precision": 0.7499098378147673, "recall": 0.67, "f1-score": 0.677752574002574, "support": 200.0}}, "matrix": [[46, 3, 3], [17, 27, 7], [33, 3, 61]]}