{"distribusi_awal": {"Negatif": 793, "Positif": 139, "Netral": 53}, "distribusi_balanced": {"Negatif": 793, "Positif": 793, "Netral": 793}, "akurasi": 0.9537815126050421, "report": {"Negatif": {"precision": 0.9620253164556962, "recall": 0.9156626506024096, "f1-score": 0.9382716049382716, "support": 166.0}, "Netral": {"precision": 0.9503105590062112, "recall": 1.0, "f1-score": 0.9745222929936306, "support": 153.0}, "Positif": {"precision": 0.9490445859872612, "recall": 0.9490445859872612, "f1-score": 0.9490445859872612, "support": 157.0}, "accuracy": 0.9537815126050421, "macro avg": {"precision": 0.9537934871497229, "recall": 0.9549024121965569, "f1-score": 0.9539461613063877, "support": 476.0}, "weighted avg": {"precision": 0.9539783992848653, "recall": 0.9537815126050421, "f1-score": 0.9534768849743247, "support": 476.0}}, "matrix": [[152, 6, 8], [0, 153, 0], [6, 2, 149]]}