{"distribusi_awal": {"Positif": 466, "Negatif": 308, "Netral": 226}, "distribusi_balanced": {"Netral": 373, "Positif": 373, "Negatif": 373}, "akurasi": 0.695, "report": {"Negatif": {"precision": 0.5903614457831325, "recall": 0.7903225806451613, "f1-score": 0.6758620689655173, "support": 62.0}, "Netral": {"precision": 0.6829268292682927, "recall": 0.6222222222222222, "f1-score": 0.6511627906976745, "support": 45.0}, "Positif": {"precision": 0.8157894736842105, "recall": 0.6666666666666666, "f1-score": 0.7337278106508875, "support": 93.0}, "accuracy": 0.695, "macro avg": {"precision": 0.6963592495785452, "recall": 0.6930704898446834, "f1-score": 0.6869175567713598, "support": 200.0}, "weighted avg": {"precision": 0.7160126900412948, "recall": 0.695, "f1-score": 0.6972123012389497, "support": 200.0}}, "matrix": [[49, 4, 9], [12, 28, 5], [22, 9, 62]]}