{"distribusi_awal": {"Negatif": 568, "Positif": 261, "Netral": 171}, "distribusi_balanced": {"Negatif": 568, "Netral": 568, "Positif": 568}, "akurasi": 0.8709677419354839, "report": {"Negatif": {"precision": 0.8076923076923077, "recall": 0.9292035398230089, "f1-score": 0.8641975308641975, "support": 113.0}, "Netral": {"precision": 0.9252336448598131, "recall": 0.868421052631579, "f1-score": 0.8959276018099548, "support": 114.0}, "Positif": {"precision": 0.8942307692307693, "recall": 0.8157894736842105, "f1-score": 0.8532110091743119, "support": 114.0}, "accuracy": 0.8709677419354839, "macro avg": {"precision": 0.8757189072609634, "recall": 0.8711380220462662, "f1-score": 0.8711120472828213, "support": 341.0}, "weighted avg": {"precision": 0.8759183987552996, "recall": 0.8709677419354839, "f1-score": 0.8711323244570697, "support": 341.0}}, "matrix": [[105, 3, 5], [9, 99, 6], [16, 5, 93]]}