{"distribusi_awal": {"Positif": 475, "Negatif": 282, "Netral": 243}, "distribusi_balanced": {"Positif": 475, "Negatif": 475, "Netral": 475}, "akurasi": 0.8701754385964913, "report": {"Negatif": {"precision": 0.8484848484848485, "recall": 0.8842105263157894, "f1-score": 0.865979381443299, "support": 95.0}, "Netral": {"precision": 0.95, "recall": 0.8, "f1-score": 0.8685714285714285, "support": 95.0}, "Positif": {"precision": 0.8301886792452831, "recall": 0.9263157894736842, "f1-score": 0.8756218905472637, "support": 95.0}, "accuracy": 0.8701754385964913, "macro avg": {"precision": 0.8762245092433772, "recall": 0.8701754385964913, "f1-score": 0.870057566853997, "support": 285.0}, "weighted avg": {"precision": 0.8762245092433772, "recall": 0.8701754385964913, "f1-score": 0.870057566853997, "support": 285.0}}, "matrix": [[84, 2, 9], [10, 76, 9], [5, 2, 88]]}