{"distribusi_awal": {"Positif": 682, "Negatif": 256, "Netral": 62}, "distribusi_balanced": {"Positif": 546, "Negatif": 546, "Netral": 546}, "akurasi": 0.81, "report": {"Negatif": {"precision": 0.65625, "recall": 0.8235294117647058, "f1-score": 0.7304347826086957, "support": 51.0}, "Netral": {"precision": 0.375, "recall": 0.23076923076923078, "f1-score": 0.2857142857142857, "support": 13.0}, "Positif": {"precision": 0.9140625, "recall": 0.8602941176470589, "f1-score": 0.8863636363636364, "support": 136.0}, "accuracy": 0.81, "macro avg": {"precision": 0.6484375, "recall": 0.6381975867269986, "f1-score": 0.6341709015622059, "support": 200.0}, "weighted avg": {"precision": 0.81328125, "recall": 0.81, "f1-score": 0.8075595708639187, "support": 200.0}}, "matrix": [[42, 2, 7], [6, 3, 4], [16, 3, 117]]}